date,holiday,0,1,2,3,4,5,6,7,8,9,10,11,12,13,14,15,16,17,18,19,20,21,22,23
2019-01-01,1,802.0,963.0,840.0,781.0,752.0,748.0,802.0,797.0,967.0,983.0,980.0,1009.0,992.0,949.0,970.0,950.0,981.0,906.0,1028.0,990.0,985.0,802.0,944.0,800.0
2019-01-02,0,756.0,751.0,717.0,671.0,682.0,723.0,935.0,944.0,928.0,900.0,927.0,967.0,965.0,957.0,925.0,854.0,754.0,741.0,712.0,633.0,480.0,401.0,390.0,422.0
2019-01-03,0,461.0,484.0,478.0,494.0,433.0,420.0,394.0,427.0,352.0,287.0,248.0,236.0,211.0,184.0,159.0,173.0,158.0,111.0,126.0,83.0,77.0,81.0,86.0,176.0
2019-01-04,0,271.0,417.0,536.0,694.0,695.0,729.0,724.0,672.0,634.0,663.0,617.0,601.0,568.0,433.0,360.0,443.0,528.0,635.0,701.0,674.0,625.0,622.0,681.0,684.0
2019-01-05,0,655.0,646.0,576.0,555.0,530.0,504.0,488.0,425.0,364.0,280.0,274.0,229.0,237.0,219.0,151.0,133.0,118.0,97.0,75.0,50.0,40.0,19.0,11.0,7.0
2019-01-06,1,7.0,7.0,4.0,4.0,5.0,4.0,5.0,5.0,5.0,11.0,14.0,20.0,24.0,27.0,17.0,15.0,16.0,26.0,45.0,63.0,69.0,77.0,87.0,83.0
2019-01-07,0,87.0,59.0,74.0,121.0,118.0,109.0,106.0,105.0,123.0,135.0,161.0,217.0,251.0,263.0,202.0,266.0,458.0,705.0,867.0,923.0,954.0,953.0,897.0,865.0
2019-01-08,0,859.0,863.0,887.0,915.0,898.0,922.0,883.0,813.0,819.0,869.0,922.0,947.0,964.0,939.0,936.0,958.0,964.0,953.0,964.0,979.0,988.0,1005.0,994.0,991.0
2019-01-09,0,970.0,970.0,971.0,970.0,962.0,951.0,954.0,943.0,936.0,931.0,922.0,912.0,914.0,894.0,889.0,848.0,799.0,754.0,702.0,581.0,475.0,405.0,343.0,265.0
2019-01-10,0,190.0,148.0,142.0,102.0,82.0,68.0,69.0,62.0,58.0,55.0,29.0,8.0,6.0,9.0,13.0,16.0,35.0,69.0,107.0,144.0,233.0,323.0,442.0,554.0
2019-01-11,0,623.0,602.0,559.0,560.0,556.0,593.0,649.0,710.0,741.0,730.0,719.0,675.0,622.0,602.0,570.0,581.0,533.0,496.0,462.0,399.0,375.0,343.0,268.0,247.0
2019-01-12,0,291.0,331.0,365.0,416.0,436.0,334.0,416.0,511.0,550.0,590.0,631.0,656.0,669.0,738.0,761.0,751.0,752.0,770.0,785.0,796.0,780.0,768.0,737.0,714.0
2019-01-13,1,662.0,657.0,620.0,595.0,581.0,658.0,717.0,711.0,696.0,720.0,872.0,919.0,904.0,932.0,948.0,937.0,912.0,958.0,981.0,957.0,981.0,990.0,991.0,988.0
2019-01-14,0,963.0,793.0,784.0,820.0,977.0,983.0,1006.0,999.0,970.0,992.0,993.0,1002.0,1004.0,995.0,987.0,978.0,968.0,969.0,966.0,955.0,915.0,894.0,881.0,922.0
2019-01-15,0,906.0,907.0,854.0,775.0,810.0,804.0,840.0,805.0,695.0,668.0,659.0,689.0,791.0,900.0,944.0,959.0,966.0,953.0,929.0,898.0,845.0,834.0,818.0,767.0
2019-01-16,0,645.0,609.0,669.0,714.0,762.0,783.0,789.0,737.0,682.0,664.0,664.0,735.0,746.0,823.0,840.0,876.0,905.0,928.0,949.0,973.0,985.0,995.0,993.0,975.0
2019-01-17,0,939.0,888.0,844.0,803.0,840.0,801.0,840.0,847.0,828.0,789.0,785.0,803.0,791.0,793.0,768.0,710.0,574.0,453.0,516.0,519.0,646.0,730.0,756.0,726.0
2019-01-18,0,684.0,562.0,430.0,241.0,186.0,195.0,129.0,82.0,128.0,258.0,347.0,461.0,446.0,429.0,371.0,336.0,283.0,211.0,188.0,224.0,270.0,281.0,284.0,275.0
2019-01-19,0,228.0,203.0,188.0,151.0,102.0,88.0,74.0,67.0,72.0,83.0,76.0,77.0,84.0,77.0,53.0,35.0,25.0,23.0,27.0,43.0,52.0,53.0,53.0,49.0
2019-01-20,1,49.0,43.0,38.0,39.0,38.0,38.0,29.0,32.0,30.0,34.0,32.0,30.0,29.0,30.0,34.0,41.0,46.0,45.0,62.0,57.0,65.0,83.0,109.0,160.0
2019-01-21,0,201.0,212.0,224.0,274.0,325.0,398.0,490.0,637.0,686.0,702.0,675.0,697.0,625.0,626.0,674.0,679.0,664.0,582.0,524.0,459.0,370.0,306.0,263.0,223.0
2019-01-22,0,190.0,141.0,113.0,81.0,45.0,30.0,55.0,102.0,101.0,89.0,91.0,128.0,178.0,205.0,265.0,317.0,368.0,470.0,560.0,599.0,625.0,616.0,625.0,593.0
2019-01-23,0,544.0,479.0,404.0,378.0,390.0,414.0,435.0,430.0,411.0,327.0,216.0,176.0,160.0,139.0,134.0,170.0,212.0,243.0,217.0,218.0,255.0,256.0,235.0,225.0
2019-01-24,0,220.0,206.0,169.0,137.0,126.0,109.0,114.0,105.0,104.0,99.0,95.0,83.0,71.0,58.0,41.0,29.0,36.0,26.0,19.0,15.0,17.0,21.0,22.0,19.0
2019-01-25,0,16.0,19.0,25.0,17.0,11.0,14.0,21.0,12.0,34.0,73.0,111.0,108.0,85.0,98.0,121.0,122.0,132.0,144.0,198.0,253.0,307.0,383.0,385.0,351.0
2019-01-26,0,246.0,218.0,185.0,137.0,92.0,84.0,101.0,93.0,87.0,89.0,110.0,117.0,109.0,139.0,118.0,103.0,61.0,71.0,134.0,162.0,186.0,259.0,353.0,393.0
2019-01-27,1,386.0,413.0,492.0,487.0,492.0,496.0,543.0,562.0,538.0,508.0,453.0,485.0,435.0,361.0,330.0,366.0,358.0,402.0,378.0,381.0,360.0,354.0,278.0,214.0
2019-01-28,0,213.0,169.0,211.0,228.0,210.0,287.0,258.0,139.0,117.0,135.0,125.0,109.0,88.0,68.0,41.0,29.0,33.0,58.0,111.0,212.0,321.0,370.0,410.0,441.0
2019-01-29,0,416.0,402.0,398.0,383.0,316.0,220.0,202.0,207.0,196.0,215.0,203.0,223.0,232.0,280.0,320.0,228.0,200.0,251.0,245.0,403.0,434.0,393.0,348.0,275.0
2019-01-30,0,178.0,126.0,91.0,85.0,122.0,165.0,228.0,274.0,325.0,347.0,378.0,386.0,360.0,373.0,469.0,605.0,638.0,665.0,700.0,757.0,800.0,814.0,776.0,772.0
2019-01-31,0,752.0,708.0,683.0,647.0,581.0,554.0,572.0,538.0,511.0,454.0,345.0,294.0,266.0,242.0,211.0,148.0,100.0,70.0,72.0,107.0,93.0,95.0,98.0,138.0
2019-02-01,0,119.0,91.0,111.0,163.0,218.0,248.0,280.0,358.0,460.0,555.0,590.0,555.0,565.0,525.0,483.0,373.0,353.0,308.0,211.0,153.0,118.0,98.0,65.0,69.0
2019-02-02,0,77.0,53.0,51.0,71.0,87.0,120.0,148.0,135.0,139.0,137.0,158.0,153.0,165.0,272.0,297.0,266.0,209.0,179.0,164.0,156.0,158.0,180.0,173.0,128.0
2019-02-03,1,135.0,180.0,200.0,248.0,246.0,232.0,246.0,326.0,301.0,275.0,223.0,245.0,256.0,257.0,289.0,248.0,178.0,114.0,79.0,60.0,52.0,70.0,73.0,86.0
2019-02-04,0,105.0,106.0,113.0,131.0,169.0,207.0,273.0,450.0,590.0,683.0,731.0,761.0,749.0,756.0,791.0,878.0,913.0,927.0,960.0,968.0,992.0,1015.0,1009.0,991.0
2019-02-05,0,969.0,952.0,961.0,955.0,931.0,925.0,923.0,941.0,939.0,935.0,943.0,934.0,926.0,907.0,888.0,864.0,830.0,783.0,738.0,656.0,677.0,631.0,586.0,605.0
2019-02-06,0,480.0,341.0,229.0,170.0,168.0,186.0,308.0,388.0,431.0,557.0,584.0,638.0,614.0,597.0,535.0,595.0,595.0,587.0,536.0,421.0,396.0,300.0,247.0,220.0
2019-02-07,0,181.0,190.0,152.0,178.0,186.0,249.0,262.0,375.0,485.0,573.0,686.0,728.0,802.0,802.0,824.0,812.0,784.0,772.0,809.0,896.0,966.0,998.0,1002.0,989.0
2019-02-08,0,974.0,948.0,943.0,941.0,936.0,898.0,873.0,865.0,839.0,781.0,786.0,764.0,759.0,758.0,786.0,810.0,835.0,884.0,931.0,973.0,982.0,988.0,987.0,977.0
2019-02-09,0,963.0,954.0,856.0,834.0,973.0,962.0,948.0,909.0,912.0,899.0,900.0,916.0,925.0,946.0,974.0,1000.0,1019.0,1033.0,1044.0,1031.0,1030.0,1020.0,1024.0,1023.0
2019-02-10,1,996.0,933.0,846.0,788.0,638.0,626.0,633.0,749.0,775.0,717.0,628.0,560.0,409.0,240.0,163.0,139.0,104.0,95.0,134.0,234.0,345.0,435.0,418.0,450.0
2019-02-11,0,548.0,611.0,529.0,598.0,697.0,764.0,824.0,842.0,901.0,917.0,940.0,967.0,972.0,988.0,980.0,915.0,740.0,608.0,696.0,803.0,752.0,749.0,781.0,837.0
2019-02-12,0,808.0,784.0,719.0,664.0,560.0,518.0,456.0,391.0,329.0,279.0,218.0,164.0,180.0,241.0,256.0,209.0,188.0,152.0,230.0,306.0,452.0,606.0,693.0,783.0
2019-02-13,0,849.0,864.0,867.0,870.0,871.0,873.0,852.0,832.0,809.0,783.0,742.0,730.0,707.0,670.0,678.0,728.0,703.0,679.0,673.0,692.0,601.0,528.0,516.0,494.0
2019-02-14,0,551.0,529.0,489.0,515.0,438.0,447.0,323.0,311.0,233.0,260.0,241.0,233.0,193.0,160.0,120.0,106.0,132.0,180.0,204.0,233.0,231.0,228.0,159.0,148.0
2019-02-15,0,154.0,164.0,151.0,96.0,60.0,39.0,26.0,25.0,37.0,59.0,60.0,59.0,73.0,97.0,111.0,124.0,134.0,198.0,289.0,405.0,551.0,600.0,647.0,622.0
2019-02-16,0,552.0,519.0,457.0,389.0,412.0,461.0,478.0,483.0,547.0,546.0,439.0,373.0,394.0,484.0,502.0,506.0,475.0,433.0,433.0,511.0,492.0,458.0,459.0,399.0
2019-02-17,1,248.0,224.0,188.0,140.0,143.0,162.0,153.0,138.0,97.0,85.0,64.0,57.0,79.0,83.0,88.0,54.0,50.0,106.0,197.0,300.0,402.0,419.0,384.0,397.0
2019-02-18,0,378.0,336.0,337.0,312.0,255.0,205.0,198.0,190.0,204.0,167.0,141.0,98.0,54.0,76.0,119.0,112.0,76.0,82.0,125.0,216.0,270.0,371.0,386.0,304.0
2019-02-19,0,222.0,149.0,137.0,238.0,322.0,505.0,608.0,503.0,632.0,751.0,820.0,862.0,892.0,887.0,898.0,876.0,908.0,885.0,874.0,875.0,882.0,878.0,860.0,854.0
2019-02-20,0,853.0,847.0,839.0,784.0,715.0,671.0,621.0,487.0,406.0,369.0,377.0,320.0,339.0,366.0,372.0,363.0,382.0,353.0,290.0,272.0,348.0,434.0,485.0,514.0
2019-02-21,0,450.0,423.0,484.0,542.0,541.0,523.0,491.0,560.0,645.0,679.0,566.0,517.0,495.0,528.0,655.0,632.0,619.0,529.0,465.0,438.0,414.0,404.0,302.0,288.0
2019-02-22,0,459.0,622.0,624.0,543.0,478.0,511.0,573.0,523.0,433.0,407.0,369.0,369.0,340.0,315.0,302.0,287.0,217.0,176.0,163.0,174.0,180.0,171.0,185.0,180.0
2019-02-23,0,243.0,215.0,168.0,183.0,148.0,126.0,111.0,190.0,220.0,163.0,164.0,139.0,110.0,117.0,86.0,64.0,49.0,56.0,96.0,157.0,219.0,232.0,254.0,214.0
2019-02-24,1,165.0,133.0,128.0,133.0,112.0,100.0,105.0,86.0,85.0,84.0,75.0,64.0,50.0,72.0,82.0,89.0,119.0,140.0,154.0,162.0,189.0,212.0,177.0,116.0
2019-02-25,0,95.0,126.0,121.0,69.0,45.0,34.0,38.0,46.0,53.0,47.0,57.0,70.0,103.0,116.0,173.0,201.0,256.0,294.0,359.0,330.0,314.0,394.0,351.0,278.0
2019-02-26,0,260.0,285.0,258.0,208.0,179.0,126.0,98.0,86.0,71.0,32.0,30.0,31.0,9.0,4.0,14.0,29.0,37.0,37.0,72.0,109.0,115.0,135.0,134.0,139.0
2019-02-27,0,143.0,132.0,153.0,163.0,223.0,274.0,313.0,337.0,304.0,285.0,257.0,194.0,212.0,234.0,242.0,230.0,224.0,305.0,394.0,549.0,599.0,516.0,536.0,584.0
2019-02-28,0,639.0,640.0,676.0,647.0,560.0,523.0,479.0,474.0,366.0,356.0,240.0,146.0,155.0,171.0,199.0,179.0,130.0,98.0,84.0,70.0,124.0,133.0,110.0,126.0
2019-03-01,0,121.0,123.0,107.0,83.0,63.0,57.0,60.0,55.0,37.0,15.0,20.0,25.0,32.0,18.0,11.0,12.0,13.0,11.0,11.0,14.0,21.0,32.0,49.0,56.0
2019-03-02,0,61.0,60.0,70.0,62.0,35.0,27.0,33.0,44.0,38.0,32.0,36.0,71.0,75.0,76.0,133.0,126.0,237.0,298.0,334.0,350.0,405.0,535.0,629.0,716.0
2019-03-03,1,706.0,729.0,678.0,743.0,685.0,841.0,788.0,770.0,857.0,832.0,780.0,764.0,641.0,514.0,593.0,445.0,349.0,373.0,228.0,145.0,172.0,388.0,588.0,642.0
2019-03-04,0,648.0,676.0,624.0,690.0,654.0,818.0,845.0,816.0,808.0,840.0,879.0,870.0,798.0,873.0,904.0,897.0,924.0,958.0,986.0,997.0,1003.0,1004.0,956.0,837.0
2019-03-05,0,816.0,821.0,670.0,926.0,979.0,971.0,932.0,910.0,907.0,811.0,856.0,831.0,822.0,843.0,821.0,788.0,746.0,721.0,704.0,696.0,662.0,565.0,496.0,366.0
2019-03-06,0,118.0,95.0,177.0,173.0,182.0,232.0,254.0,323.0,302.0,282.0,329.0,416.0,502.0,608.0,701.0,717.0,766.0,847.0,890.0,886.0,863.0,804.0,763.0,740.0
2019-03-07,0,715.0,727.0,702.0,659.0,619.0,608.0,563.0,500.0,471.0,541.0,610.0,664.0,745.0,901.0,1002.0,989.0,835.0,772.0,736.0,797.0,819.0,837.0,887.0,892.0
2019-03-08,0,938.0,966.0,973.0,978.0,960.0,917.0,894.0,923.0,999.0,1049.0,1066.0,1059.0,1063.0,1063.0,1011.0,992.0,961.0,905.0,930.0,885.0,806.0,639.0,552.0,510.0
2019-03-09,0,543.0,534.0,604.0,662.0,743.0,819.0,900.0,947.0,977.0,1018.0,1034.0,1040.0,1048.0,1036.0,1006.0,1018.0,971.0,778.0,601.0,606.0,898.0,957.0,974.0,1011.0
2019-03-10,1,897.0,896.0,879.0,819.0,840.0,907.0,863.0,797.0,780.0,744.0,663.0,587.0,453.0,335.0,199.0,138.0,143.0,174.0,255.0,268.0,358.0,458.0,310.0,214.0
2019-03-11,0,104.0,66.0,47.0,64.0,121.0,139.0,63.0,34.0,15.0,15.0,21.0,33.0,49.0,56.0,69.0,78.0,93.0,122.0,103.0,76.0,82.0,149.0,225.0,215.0
2019-03-12,0,152.0,153.0,162.0,188.0,251.0,283.0,306.0,285.0,364.0,369.0,525.0,559.0,656.0,715.0,775.0,797.0,881.0,870.0,909.0,926.0,974.0,960.0,992.0,955.0
2019-03-13,0,925.0,917.0,948.0,868.0,828.0,837.0,891.0,945.0,967.0,990.0,991.0,995.0,990.0,988.0,995.0,980.0,967.0,948.0,915.0,899.0,853.0,776.0,692.0,707.0
2019-03-14,0,796.0,813.0,828.0,796.0,778.0,754.0,659.0,571.0,545.0,603.0,608.0,687.0,745.0,789.0,812.0,792.0,717.0,618.0,427.0,346.0,326.0,417.0,527.0,559.0
2019-03-15,0,571.0,517.0,563.0,615.0,724.0,794.0,722.0,484.0,465.0,365.0,383.0,539.0,691.0,728.0,840.0,902.0,988.0,994.0,851.0,964.0,954.0,922.0,939.0,955.0
2019-03-16,0,968.0,962.0,936.0,887.0,845.0,820.0,814.0,797.0,797.0,756.0,689.0,560.0,358.0,395.0,383.0,335.0,391.0,505.0,614.0,770.0,810.0,844.0,882.0,905.0
2019-03-17,1,764.0,771.0,784.0,731.0,773.0,745.0,764.0,763.0,673.0,738.0,852.0,914.0,892.0,919.0,913.0,973.0,964.0,962.0,977.0,989.0,995.0,994.0,1001.0,989.0
2019-03-18,0,893.0,878.0,873.0,971.0,964.0,969.0,956.0,876.0,907.0,886.0,880.0,846.0,806.0,747.0,738.0,742.0,728.0,695.0,643.0,616.0,563.0,534.0,470.0,395.0
2019-03-19,0,283.0,273.0,226.0,193.0,151.0,149.0,115.0,92.0,62.0,70.0,55.0,56.0,80.0,104.0,116.0,119.0,86.0,49.0,32.0,64.0,114.0,159.0,147.0,115.0
2019-03-20,0,136.0,162.0,216.0,290.0,391.0,517.0,506.0,483.0,490.0,502.0,621.0,679.0,624.0,566.0,653.0,597.0,544.0,498.0,504.0,393.0,295.0,339.0,342.0,311.0
2019-03-21,0,258.0,327.0,353.0,381.0,382.0,489.0,581.0,621.0,659.0,649.0,706.0,729.0,756.0,701.0,668.0,656.0,707.0,700.0,649.0,575.0,539.0,575.0,567.0,364.0
2019-03-22,0,289.0,269.0,186.0,114.0,32.0,7.0,5.0,5.0,13.0,23.0,30.0,47.0,61.0,73.0,82.0,101.0,112.0,123.0,155.0,213.0,325.0,382.0,403.0,435.0
2019-03-23,0,461.0,506.0,405.0,276.0,178.0,205.0,246.0,308.0,283.0,249.0,274.0,352.0,412.0,417.0,424.0,427.0,380.0,445.0,479.0,451.0,388.0,337.0,284.0,246.0
2019-03-24,1,221.0,233.0,207.0,189.0,157.0,130.0,101.0,76.0,72.0,65.0,79.0,108.0,169.0,205.0,234.0,223.0,241.0,369.0,541.0,575.0,597.0,527.0,528.0,593.0
2019-03-25,0,616.0,658.0,705.0,695.0,659.0,602.0,557.0,510.0,449.0,418.0,412.0,409.0,475.0,492.0,537.0,525.0,480.0,472.0,319.0,254.0,188.0,125.0,173.0,197.0
2019-03-26,0,325.0,516.0,671.0,784.0,824.0,803.0,838.0,848.0,847.0,822.0,805.0,740.0,689.0,615.0,542.0,376.0,198.0,78.0,56.0,39.0,84.0,167.0,169.0,192.0
2019-03-27,0,227.0,281.0,299.0,322.0,363.0,406.0,519.0,549.0,574.0,557.0,600.0,668.0,639.0,640.0,674.0,704.0,723.0,657.0,588.0,539.0,530.0,506.0,452.0,385.0
2019-03-28,0,299.0,357.0,398.0,407.0,383.0,291.0,277.0,208.0,129.0,99.0,144.0,182.0,170.0,149.0,121.0,98.0,103.0,107.0,107.0,156.0,251.0,284.0,385.0,365.0
2019-03-29,0,343.0,262.0,258.0,271.0,280.0,354.0,429.0,447.0,472.0,527.0,583.0,617.0,617.0,592.0,552.0,530.0,519.0,460.0,441.0,357.0,319.0,293.0,273.0,257.0
2019-03-30,0,222.0,175.0,162.0,148.0,161.0,163.0,168.0,161.0,166.0,191.0,181.0,172.0,207.0,252.0,227.0,249.0,244.0,301.0,432.0,540.0,528.0,488.0,479.0,557.0
2019-03-31,1,484.0,397.0,,405.0,494.0,534.0,567.0,705.0,814.0,850.0,784.0,681.0,542.0,429.0,357.0,249.0,190.0,168.0,129.0,81.0,56.0,49.0,69.0,80.0
2019-04-01,0,63.0,32.0,14.0,10.0,8.0,7.0,13.0,12.0,10.0,11.0,16.0,18.0,22.0,31.0,43.0,80.0,115.0,180.0,263.0,289.0,348.0,491.0,543.0,477.0
2019-04-02,0,441.0,503.0,626.0,684.0,723.0,724.0,728.0,721.0,779.0,819.0,787.0,716.0,679.0,739.0,737.0,723.0,740.0,730.0,692.0,711.0,731.0,761.0,717.0,695.0
2019-04-03,0,591.0,689.0,639.0,535.0,485.0,498.0,312.0,209.0,164.0,188.0,112.0,55.0,28.0,21.0,57.0,127.0,233.0,239.0,229.0,276.0,277.0,229.0,245.0,344.0
2019-04-04,0,527.0,537.0,492.0,481.0,473.0,380.0,340.0,392.0,376.0,293.0,234.0,199.0,199.0,287.0,460.0,459.0,504.0,485.0,368.0,386.0,422.0,369.0,317.0,293.0
2019-04-05,0,274.0,258.0,250.0,232.0,242.0,242.0,215.0,258.0,265.0,343.0,401.0,374.0,510.0,565.0,596.0,641.0,646.0,621.0,629.0,633.0,639.0,513.0,422.0,300.0
2019-04-06,0,184.0,129.0,65.0,55.0,62.0,72.0,110.0,124.0,132.0,128.0,146.0,139.0,183.0,224.0,313.0,387.0,392.0,342.0,320.0,328.0,341.0,313.0,282.0,219.0
2019-04-07,1,231.0,267.0,217.0,134.0,110.0,108.0,79.0,53.0,38.0,18.0,10.0,6.0,6.0,8.0,14.0,18.0,31.0,43.0,50.0,54.0,52.0,42.0,41.0,36.0
2019-04-08,0,41.0,65.0,83.0,110.0,142.0,173.0,234.0,302.0,320.0,337.0,335.0,390.0,473.0,493.0,442.0,371.0,314.0,227.0,151.0,100.0,81.0,68.0,74.0,81.0
2019-04-09,0,69.0,63.0,49.0,58.0,59.0,54.0,60.0,58.0,78.0,120.0,179.0,197.0,182.0,162.0,154.0,179.0,189.0,183.0,194.0,196.0,163.0,163.0,141.0,140.0
2019-04-10,0,118.0,102.0,87.0,56.0,53.0,78.0,102.0,111.0,123.0,124.0,117.0,112.0,108.0,110.0,95.0,93.0,165.0,183.0,185.0,182.0,166.0,156.0,131.0,108.0
2019-04-11,0,83.0,58.0,47.0,43.0,35.0,49.0,82.0,84.0,73.0,59.0,54.0,61.0,48.0,55.0,68.0,78.0,73.0,71.0,81.0,83.0,87.0,92.0,109.0,82.0
2019-04-12,0,63.0,57.0,63.0,93.0,113.0,139.0,76.0,79.0,111.0,141.0,87.0,133.0,171.0,211.0,225.0,257.0,297.0,289.0,262.0,230.0,234.0,260.0,292.0,309.0
2019-04-13,0,252.0,322.0,388.0,431.0,472.0,442.0,437.0,370.0,378.0,414.0,586.0,642.0,663.0,652.0,644.0,677.0,673.0,709.0,726.0,695.0,634.0,597.0,623.0,637.0
2019-04-14,1,641.0,634.0,611.0,617.0,574.0,506.0,480.0,430.0,427.0,487.0,522.0,637.0,687.0,732.0,752.0,736.0,706.0,676.0,664.0,624.0,599.0,577.0,528.0,507.0
2019-04-15,0,519.0,504.0,445.0,408.0,363.0,304.0,281.0,279.0,276.0,299.0,339.0,366.0,413.0,488.0,513.0,546.0,610.0,606.0,579.0,506.0,469.0,425.0,420.0,451.0
2019-04-16,0,469.0,491.0,489.0,432.0,389.0,380.0,385.0,338.0,303.0,302.0,313.0,363.0,353.0,357.0,411.0,521.0,567.0,619.0,646.0,636.0,660.0,698.0,699.0,698.0
2019-04-17,0,689.0,629.0,544.0,488.0,449.0,431.0,375.0,281.0,244.0,181.0,154.0,172.0,238.0,308.0,411.0,426.0,382.0,385.0,350.0,297.0,234.0,243.0,264.0,272.0
2019-04-18,1,279.0,313.0,310.0,313.0,354.0,364.0,355.0,291.0,244.0,233.0,291.0,309.0,342.0,337.0,337.0,306.0,281.0,252.0,236.0,250.0,263.0,252.0,251.0,237.0
2019-04-19,1,234.0,269.0,324.0,341.0,364.0,379.0,372.0,338.0,275.0,235.0,226.0,216.0,216.0,219.0,219.0,199.0,191.0,184.0,132.0,106.0,99.0,94.0,68.0,52.0
2019-04-20,0,63.0,66.0,52.0,40.0,42.0,30.0,33.0,30.0,31.0,17.0,17.0,24.0,29.0,31.0,35.0,31.0,34.0,33.0,32.0,31.0,33.0,41.0,27.0,16.0
2019-04-21,1,14.0,14.0,14.0,16.0,17.0,16.0,16.0,15.0,13.0,12.0,13.0,15.0,17.0,17.0,19.0,19.0,18.0,19.0,19.0,16.0,23.0,26.0,41.0,73.0
2019-04-22,0,80.0,71.0,76.0,91.0,100.0,100.0,103.0,95.0,87.0,113.0,166.0,302.0,415.0,522.0,695.0,769.0,790.0,809.0,800.0,761.0,756.0,745.0,634.0,454.0
2019-04-23,0,574.0,639.0,671.0,540.0,681.0,692.0,723.0,762.0,827.0,880.0,897.0,910.0,871.0,873.0,878.0,923.0,918.0,896.0,872.0,873.0,816.0,694.0,549.0,519.0
2019-04-24,0,560.0,631.0,673.0,627.0,621.0,753.0,785.0,683.0,706.0,704.0,642.0,609.0,539.0,479.0,486.0,517.0,537.0,540.0,520.0,501.0,557.0,519.0,470.0,443.0
2019-04-25,0,451.0,422.0,457.0,453.0,368.0,267.0,342.0,358.0,302.0,300.0,151.0,88.0,93.0,73.0,50.0,57.0,48.0,45.0,91.0,171.0,266.0,342.0,394.0,450.0
2019-04-26,0,474.0,502.0,528.0,521.0,530.0,540.0,513.0,541.0,545.0,540.0,301.0,178.0,179.0,135.0,74.0,67.0,113.0,258.0,334.0,454.0,460.0,488.0,550.0,539.0
2019-04-27,0,513.0,479.0,448.0,447.0,333.0,178.0,190.0,157.0,97.0,68.0,48.0,36.0,33.0,32.0,36.0,27.0,30.0,34.0,57.0,91.0,61.0,56.0,27.0,31.0
2019-04-28,1,52.0,41.0,60.0,72.0,74.0,59.0,55.0,69.0,40.0,27.0,30.0,30.0,28.0,41.0,74.0,106.0,142.0,167.0,238.0,211.0,160.0,165.0,175.0,115.0
2019-04-29,0,95.0,131.0,154.0,152.0,188.0,211.0,213.0,185.0,190.0,160.0,154.0,159.0,194.0,263.0,296.0,303.0,410.0,294.0,123.0,47.0,30.0,36.0,29.0,26.0
2019-04-30,0,28.0,28.0,28.0,33.0,36.0,45.0,55.0,45.0,32.0,26.0,23.0,21.0,26.0,38.0,79.0,108.0,140.0,220.0,339.0,467.0,497.0,446.0,415.0,374.0
2019-05-01,0,324.0,325.0,371.0,434.0,494.0,535.0,567.0,587.0,584.0,625.0,708.0,759.0,791.0,830.0,827.0,913.0,926.0,903.0,896.0,894.0,901.0,918.0,946.0,971.0
2019-05-02,0,973.0,976.0,973.0,937.0,940.0,943.0,952.0,967.0,924.0,943.0,930.0,953.0,942.0,936.0,931.0,978.0,971.0,979.0,956.0,930.0,929.0,904.0,858.0,817.0
2019-05-03,0,770.0,716.0,693.0,628.0,536.0,478.0,422.0,407.0,473.0,519.0,652.0,734.0,725.0,742.0,741.0,716.0,818.0,785.0,840.0,807.0,756.0,808.0,866.0,843.0
2019-05-04,0,844.0,772.0,777.0,788.0,726.0,701.0,666.0,564.0,429.0,275.0,312.0,390.0,417.0,559.0,450.0,368.0,284.0,336.0,487.0,270.0,131.0,93.0,82.0,81.0
2019-05-05,1,88.0,108.0,114.0,145.0,137.0,106.0,73.0,67.0,98.0,176.0,212.0,249.0,271.0,272.0,281.0,338.0,411.0,471.0,529.0,507.0,571.0,584.0,568.0,551.0
2019-05-06,0,587.0,555.0,544.0,522.0,533.0,614.0,640.0,663.0,698.0,591.0,597.0,629.0,629.0,780.0,822.0,817.0,867.0,857.0,787.0,792.0,788.0,726.0,708.0,714.0
2019-05-07,0,684.0,681.0,673.0,680.0,702.0,722.0,703.0,707.0,726.0,740.0,681.0,639.0,585.0,487.0,409.0,435.0,399.0,362.0,299.0,192.0,97.0,64.0,52.0,38.0
2019-05-08,0,35.0,52.0,78.0,115.0,132.0,155.0,160.0,140.0,134.0,101.0,100.0,160.0,201.0,223.0,265.0,301.0,329.0,343.0,415.0,465.0,451.0,396.0,293.0,367.0
2019-05-09,0,478.0,431.0,351.0,290.0,246.0,189.0,158.0,127.0,125.0,119.0,117.0,116.0,91.0,103.0,83.0,87.0,91.0,79.0,80.0,111.0,150.0,221.0,155.0,102.0
2019-05-10,0,128.0,180.0,203.0,157.0,72.0,57.0,55.0,47.0,49.0,71.0,91.0,105.0,110.0,141.0,202.0,262.0,262.0,284.0,309.0,323.0,300.0,231.0,206.0,216.0
2019-05-11,0,203.0,166.0,142.0,111.0,101.0,105.0,90.0,78.0,85.0,69.0,45.0,52.0,76.0,111.0,135.0,168.0,180.0,198.0,219.0,263.0,262.0,233.0,249.0,314.0
2019-05-12,1,415.0,475.0,479.0,502.0,478.0,463.0,440.0,502.0,523.0,450.0,409.0,458.0,459.0,458.0,306.0,269.0,296.0,394.0,456.0,550.0,394.0,225.0,227.0,285.0
2019-05-13,0,321.0,259.0,214.0,213.0,230.0,264.0,250.0,218.0,192.0,180.0,205.0,243.0,296.0,368.0,358.0,276.0,260.0,290.0,320.0,319.0,241.0,155.0,127.0,147.0
2019-05-14,0,129.0,97.0,76.0,51.0,34.0,21.0,15.0,13.0,15.0,19.0,18.0,21.0,24.0,29.0,30.0,32.0,27.0,26.0,26.0,25.0,19.0,16.0,17.0,14.0
2019-05-15,0,13.0,14.0,19.0,38.0,57.0,90.0,90.0,75.0,71.0,83.0,70.0,84.0,151.0,166.0,140.0,128.0,134.0,144.0,103.0,81.0,81.0,101.0,98.0,95.0
2019-05-16,0,104.0,112.0,123.0,198.0,254.0,323.0,324.0,282.0,309.0,366.0,448.0,503.0,657.0,779.0,843.0,871.0,870.0,872.0,869.0,838.0,830.0,812.0,810.0,823.0
2019-05-17,1,817.0,805.0,810.0,731.0,609.0,551.0,427.0,301.0,252.0,228.0,210.0,236.0,268.0,240.0,233.0,177.0,192.0,214.0,275.0,261.0,220.0,243.0,176.0,146.0
2019-05-18,0,108.0,78.0,74.0,79.0,100.0,132.0,216.0,162.0,181.0,199.0,190.0,232.0,264.0,368.0,440.0,511.0,515.0,505.0,575.0,529.0,350.0,311.0,272.0,321.0
2019-05-19,1,356.0,341.0,297.0,332.0,411.0,418.0,356.0,339.0,297.0,280.0,259.0,275.0,303.0,336.0,333.0,329.0,390.0,431.0,456.0,399.0,335.0,271.0,281.0,291.0
2019-05-20,0,167.0,119.0,97.0,103.0,92.0,96.0,100.0,106.0,97.0,84.0,83.0,70.0,65.0,76.0,84.0,98.0,131.0,144.0,150.0,174.0,187.0,247.0,265.0,233.0
2019-05-21,0,336.0,486.0,398.0,322.0,199.0,183.0,125.0,80.0,63.0,61.0,81.0,82.0,85.0,38.0,18.0,27.0,25.0,25.0,20.0,20.0,22.0,30.0,33.0,56.0
2019-05-22,0,162.0,214.0,224.0,230.0,308.0,337.0,376.0,452.0,473.0,503.0,533.0,547.0,572.0,603.0,610.0,631.0,692.0,687.0,510.0,400.0,488.0,557.0,522.0,423.0
2019-05-23,0,342.0,313.0,211.0,135.0,141.0,173.0,191.0,221.0,221.0,158.0,117.0,107.0,117.0,141.0,158.0,183.0,194.0,179.0,162.0,152.0,100.0,108.0,190.0,301.0
2019-05-24,0,353.0,382.0,214.0,244.0,275.0,173.0,128.0,139.0,174.0,203.0,257.0,378.0,550.0,545.0,555.0,613.0,676.0,634.0,664.0,566.0,492.0,486.0,462.0,454.0
2019-05-25,0,422.0,382.0,318.0,287.0,276.0,285.0,285.0,288.0,313.0,302.0,333.0,353.0,397.0,440.0,482.0,577.0,617.0,657.0,726.0,640.0,537.0,489.0,529.0,605.0
2019-05-26,1,636.0,614.0,600.0,533.0,436.0,433.0,462.0,660.0,703.0,749.0,771.0,699.0,700.0,663.0,605.0,452.0,343.0,305.0,153.0,155.0,261.0,503.0,509.0,511.0
2019-05-27,0,590.0,721.0,775.0,731.0,762.0,809.0,680.0,556.0,631.0,633.0,632.0,686.0,645.0,650.0,659.0,494.0,447.0,501.0,564.0,488.0,384.0,343.0,291.0,312.0
2019-05-28,0,313.0,302.0,299.0,300.0,262.0,252.0,230.0,216.0,222.0,194.0,133.0,113.0,112.0,147.0,178.0,201.0,253.0,272.0,294.0,316.0,324.0,329.0,432.0,480.0
2019-05-29,0,477.0,435.0,416.0,381.0,391.0,317.0,267.0,282.0,294.0,232.0,202.0,195.0,204.0,181.0,145.0,101.0,75.0,51.0,41.0,40.0,42.0,61.0,89.0,126.0
2019-05-30,1,204.0,280.0,346.0,368.0,417.0,533.0,605.0,666.0,709.0,723.0,725.0,739.0,772.0,842.0,833.0,856.0,823.0,816.0,771.0,685.0,620.0,515.0,487.0,442.0
2019-05-31,0,406.0,406.0,383.0,419.0,478.0,527.0,471.0,456.0,459.0,411.0,317.0,154.0,86.0,74.0,66.0,100.0,105.0,92.0,91.0,78.0,94.0,100.0,78.0,88.0
2019-06-01,0,142.0,192.0,207.0,282.0,203.0,220.0,314.0,406.0,423.0,380.0,468.0,456.0,472.0,520.0,543.0,663.0,775.0,699.0,594.0,413.0,230.0,147.0,112.0,118.0
2019-06-02,1,88.0,73.0,64.0,38.0,30.0,20.0,13.0,15.0,19.0,23.0,34.0,54.0,55.0,77.0,147.0,248.0,314.0,338.0,328.0,365.0,435.0,514.0,513.0,545.0
2019-06-03,0,461.0,468.0,560.0,595.0,585.0,503.0,144.0,51.0,89.0,128.0,310.0,112.0,185.0,296.0,92.0,63.0,321.0,282.0,229.0,156.0,114.0,70.0,61.0,27.0
2019-06-04,0,21.0,14.0,19.0,20.0,17.0,17.0,15.0,16.0,14.0,14.0,14.0,13.0,13.0,16.0,19.0,27.0,60.0,107.0,163.0,184.0,226.0,320.0,368.0,322.0
2019-06-05,1,438.0,408.0,400.0,465.0,488.0,511.0,531.0,445.0,216.0,126.0,72.0,36.0,21.0,21.0,21.0,22.0,53.0,80.0,96.0,131.0,253.0,425.0,429.0,468.0
2019-06-06,0,444.0,488.0,554.0,414.0,348.0,364.0,449.0,328.0,329.0,338.0,290.0,252.0,293.0,255.0,396.0,517.0,546.0,699.0,662.0,643.0,512.0,410.0,416.0,391.0
2019-06-07,0,381.0,324.0,286.0,272.0,287.0,209.0,122.0,62.0,55.0,50.0,27.0,16.0,14.0,15.0,16.0,24.0,23.0,22.0,29.0,73.0,128.0,213.0,320.0,384.0
2019-06-08,0,405.0,441.0,367.0,154.0,148.0,219.0,319.0,471.0,617.0,651.0,673.0,760.0,780.0,816.0,831.0,841.0,846.0,644.0,629.0,629.0,680.0,626.0,624.0,568.0
2019-06-09,1,574.0,672.0,750.0,798.0,799.0,753.0,797.0,843.0,821.0,713.0,597.0,480.0,368.0,266.0,179.0,98.0,73.0,51.0,34.0,29.0,22.0,38.0,70.0,75.0
2019-06-10,1,84.0,124.0,183.0,290.0,339.0,412.0,488.0,503.0,523.0,541.0,522.0,419.0,432.0,442.0,481.0,608.0,676.0,689.0,708.0,691.0,527.0,531.0,602.0,588.0
2019-06-11,0,555.0,520.0,553.0,540.0,466.0,374.0,365.0,391.0,308.0,240.0,201.0,168.0,210.0,197.0,160.0,152.0,145.0,115.0,94.0,79.0,68.0,90.0,183.0,401.0
2019-06-12,0,297.0,222.0,206.0,147.0,105.0,282.0,303.0,280.0,237.0,421.0,519.0,552.0,554.0,474.0,415.0,410.0,367.0,366.0,247.0,103.0,87.0,130.0,164.0,130.0
2019-06-13,0,145.0,286.0,280.0,181.0,157.0,184.0,162.0,137.0,157.0,173.0,174.0,141.0,141.0,165.0,152.0,145.0,141.0,127.0,130.0,91.0,76.0,82.0,69.0,73.0
2019-06-14,0,248.0,428.0,274.0,206.0,178.0,127.0,111.0,97.0,85.0,71.0,102.0,118.0,115.0,157.0,221.0,225.0,314.0,336.0,398.0,369.0,181.0,292.0,330.0,325.0
2019-06-15,0,326.0,290.0,251.0,274.0,294.0,360.0,440.0,456.0,403.0,276.0,311.0,351.0,647.0,805.0,801.0,806.0,647.0,587.0,438.0,202.0,99.0,86.0,100.0,289.0
2019-06-16,1,468.0,475.0,457.0,465.0,466.0,443.0,385.0,321.0,247.0,271.0,267.0,227.0,200.0,189.0,157.0,130.0,107.0,92.0,80.0,48.0,36.0,43.0,55.0,65.0
2019-06-17,0,111.0,85.0,96.0,82.0,71.0,46.0,31.0,24.0,26.0,45.0,65.0,92.0,97.0,86.0,76.0,60.0,52.0,43.0,34.0,32.0,35.0,50.0,89.0,197.0
2019-06-18,0,308.0,359.0,379.0,388.0,382.0,383.0,390.0,313.0,284.0,229.0,200.0,183.0,158.0,160.0,172.0,182.0,183.0,154.0,132.0,122.0,203.0,181.0,160.0,137.0
2019-06-19,0,121.0,126.0,93.0,97.0,112.0,112.0,103.0,71.0,57.0,54.0,36.0,42.0,86.0,153.0,236.0,294.0,362.0,304.0,279.0,289.0,324.0,294.0,175.0,102.0
2019-06-20,0,55.0,56.0,141.0,74.0,90.0,75.0,142.0,109.0,95.0,102.0,134.0,129.0,140.0,166.0,272.0,336.0,409.0,325.0,256.0,147.0,82.0,64.0,51.0,45.0
2019-06-21,0,44.0,41.0,37.0,45.0,58.0,73.0,56.0,42.0,52.0,51.0,57.0,58.0,95.0,107.0,121.0,129.0,155.0,185.0,249.0,299.0,264.0,212.0,233.0,222.0
2019-06-22,0,159.0,139.0,138.0,119.0,99.0,77.0,76.0,74.0,57.0,37.0,28.0,23.0,22.0,25.0,22.0,25.0,26.0,24.0,22.0,25.0,23.0,20.0,21.0,31.0
2019-06-23,1,43.0,50.0,61.0,81.0,108.0,108.0,117.0,118.0,108.0,86.0,80.0,75.0,75.0,82.0,88.0,98.0,103.0,114.0,114.0,95.0,101.0,118.0,118.0,102.0
2019-06-24,0,97.0,92.0,93.0,107.0,119.0,134.0,110.0,89.0,79.0,97.0,118.0,117.0,89.0,121.0,154.0,226.0,317.0,385.0,476.0,448.0,391.0,449.0,482.0,486.0
2019-06-25,0,447.0,348.0,293.0,273.0,267.0,252.0,182.0,116.0,91.0,82.0,68.0,72.0,92.0,114.0,165.0,178.0,170.0,152.0,134.0,136.0,164.0,235.0,306.0,358.0
2019-06-26,0,365.0,294.0,218.0,142.0,99.0,91.0,71.0,71.0,58.0,89.0,109.0,268.0,395.0,514.0,583.0,626.0,653.0,659.0,703.0,716.0,688.0,697.0,704.0,703.0
2019-06-27,0,685.0,679.0,705.0,646.0,631.0,625.0,597.0,594.0,561.0,558.0,586.0,628.0,649.0,634.0,597.0,532.0,475.0,451.0,427.0,402.0,313.0,314.0,339.0,343.0
2019-06-28,0,334.0,320.0,248.0,185.0,161.0,152.0,124.0,84.0,70.0,73.0,87.0,96.0,82.0,91.0,73.0,58.0,45.0,40.0,35.0,35.0,40.0,53.0,72.0,92.0
2019-06-29,0,112.0,88.0,59.0,63.0,102.0,126.0,137.0,141.0,109.0,117.0,112.0,110.0,132.0,138.0,113.0,117.0,105.0,75.0,63.0,45.0,41.0,40.0,40.0,46.0
2019-06-30,1,52.0,69.0,86.0,110.0,146.0,202.0,201.0,239.0,298.0,331.0,441.0,496.0,571.0,661.0,715.0,739.0,833.0,836.0,757.0,615.0,573.0,618.0,575.0,455.0
2019-07-01,0,508.0,531.0,488.0,412.0,344.0,404.0,481.0,518.0,569.0,573.0,544.0,439.0,382.0,498.0,702.0,706.0,786.0,727.0,796.0,825.0,819.0,788.0,784.0,767.0
2019-07-02,0,822.0,847.0,847.0,848.0,849.0,845.0,855.0,832.0,815.0,846.0,907.0,904.0,722.0,768.0,767.0,882.0,900.0,876.0,871.0,797.0,769.0,746.0,764.0,735.0
2019-07-03,0,644.0,488.0,440.0,514.0,503.0,489.0,506.0,444.0,428.0,454.0,422.0,549.0,546.0,481.0,507.0,484.0,494.0,443.0,498.0,602.0,681.0,684.0,702.0,622.0
2019-07-04,0,651.0,561.0,504.0,470.0,504.0,539.0,570.0,601.0,668.0,710.0,765.0,839.0,824.0,863.0,886.0,918.0,922.0,916.0,872.0,863.0,782.0,881.0,870.0,876.0
2019-07-05,0,875.0,801.0,794.0,761.0,734.0,653.0,627.0,567.0,497.0,397.0,293.0,245.0,234.0,234.0,246.0,307.0,407.0,442.0,475.0,472.0,450.0,398.0,365.0,334.0
2019-07-06,0,275.0,253.0,185.0,167.0,140.0,124.0,76.0,78.0,186.0,208.0,267.0,424.0,647.0,724.0,754.0,746.0,863.0,934.0,949.0,924.0,925.0,920.0,919.0,879.0
2019-07-07,1,885.0,883.0,862.0,819.0,780.0,744.0,729.0,698.0,735.0,716.0,703.0,720.0,709.0,685.0,685.0,659.0,636.0,657.0,700.0,679.0,608.0,554.0,495.0,481.0
2019-07-08,0,476.0,437.0,444.0,439.0,407.0,423.0,426.0,451.0,435.0,393.0,391.0,408.0,442.0,350.0,331.0,394.0,441.0,441.0,483.0,468.0,416.0,354.0,314.0,316.0
2019-07-09,0,365.0,357.0,366.0,364.0,354.0,365.0,299.0,304.0,369.0,330.0,318.0,337.0,276.0,323.0,372.0,357.0,360.0,439.0,475.0,461.0,504.0,537.0,566.0,507.0
2019-07-10,0,393.0,316.0,254.0,168.0,144.0,152.0,161.0,144.0,130.0,118.0,125.0,192.0,284.0,325.0,362.0,349.0,325.0,325.0,309.0,299.0,317.0,300.0,267.0,235.0
2019-07-11,0,150.0,113.0,79.0,55.0,36.0,19.0,14.0,13.0,12.0,12.0,14.0,19.0,22.0,28.0,31.0,28.0,24.0,24.0,22.0,18.0,16.0,14.0,14.0,13.0
2019-07-12,0,13.0,13.0,13.0,16.0,15.0,22.0,23.0,16.0,14.0,15.0,16.0,17.0,26.0,31.0,40.0,52.0,61.0,50.0,29.0,24.0,17.0,32.0,47.0,53.0
2019-07-13,0,45.0,26.0,16.0,15.0,13.0,14.0,14.0,13.0,14.0,16.0,23.0,31.0,52.0,77.0,91.0,159.0,169.0,219.0,240.0,251.0,245.0,275.0,300.0,340.0
2019-07-14,1,316.0,291.0,221.0,127.0,81.0,59.0,37.0,28.0,20.0,15.0,19.0,25.0,37.0,62.0,95.0,108.0,101.0,100.0,113.0,125.0,91.0,67.0,74.0,94.0
2019-07-15,0,135.0,128.0,144.0,118.0,122.0,151.0,149.0,152.0,154.0,229.0,293.0,348.0,358.0,394.0,445.0,464.0,470.0,463.0,429.0,391.0,349.0,309.0,353.0,364.0
2019-07-16,0,442.0,444.0,352.0,273.0,232.0,242.0,174.0,165.0,173.0,246.0,225.0,253.0,185.0,171.0,168.0,177.0,184.0,170.0,188.0,208.0,120.0,153.0,236.0,262.0
2019-07-17,0,218.0,203.0,145.0,129.0,112.0,104.0,79.0,46.0,28.0,19.0,19.0,37.0,64.0,75.0,88.0,87.0,73.0,55.0,31.0,24.0,20.0,18.0,18.0,18.0
2019-07-18,0,17.0,15.0,12.0,12.0,12.0,12.0,12.0,13.0,13.0,19.0,27.0,36.0,46.0,54.0,64.0,75.0,95.0,119.0,130.0,150.0,163.0,207.0,268.0,316.0
2019-07-19,0,380.0,378.0,343.0,316.0,260.0,192.0,121.0,65.0,48.0,80.0,87.0,138.0,143.0,124.0,108.0,78.0,74.0,67.0,62.0,49.0,39.0,32.0,37.0,29.0
2019-07-20,0,18.0,15.0,13.0,12.0,12.0,19.0,44.0,63.0,73.0,111.0,154.0,192.0,218.0,245.0,305.0,309.0,327.0,280.0,326.0,494.0,176.0,145.0,252.0,316.0
2019-07-21,1,319.0,367.0,224.0,207.0,206.0,237.0,207.0,213.0,179.0,249.0,293.0,408.0,540.0,649.0,770.0,855.0,869.0,879.0,810.0,676.0,544.0,398.0,386.0,318.0
2019-07-22,0,224.0,190.0,172.0,170.0,141.0,112.0,92.0,76.0,121.0,124.0,122.0,155.0,182.0,188.0,177.0,164.0,190.0,198.0,239.0,245.0,251.0,203.0,205.0,247.0
2019-07-23,0,262.0,213.0,177.0,134.0,115.0,103.0,110.0,163.0,158.0,130.0,123.0,113.0,138.0,153.0,159.0,162.0,147.0,122.0,120.0,93.0,65.0,62.0,52.0,35.0
2019-07-24,0,21.0,25.0,23.0,20.0,17.0,14.0,13.0,12.0,11.0,11.0,12.0,11.0,14.0,20.0,34.0,50.0,96.0,150.0,195.0,199.0,213.0,245.0,290.0,236.0
2019-07-25,0,241.0,223.0,203.0,215.0,222.0,248.0,210.0,179.0,188.0,183.0,176.0,159.0,172.0,215.0,279.0,315.0,324.0,299.0,309.0,292.0,232.0,215.0,189.0,184.0
2019-07-26,0,114.0,83.0,75.0,81.0,82.0,82.0,130.0,129.0,94.0,97.0,126.0,154.0,203.0,274.0,374.0,459.0,375.0,320.0,212.0,300.0,282.0,284.0,343.0,442.0
2019-07-27,0,385.0,581.0,581.0,510.0,478.0,444.0,443.0,462.0,516.0,506.0,577.0,732.0,833.0,863.0,811.0,881.0,851.0,857.0,781.0,576.0,581.0,569.0,568.0,546.0
2019-07-28,1,506.0,512.0,476.0,479.0,411.0,392.0,378.0,434.0,549.0,521.0,560.0,618.0,570.0,611.0,597.0,555.0,549.0,467.0,399.0,370.0,306.0,283.0,257.0,233.0
2019-07-29,0,214.0,173.0,138.0,133.0,131.0,126.0,119.0,101.0,63.0,54.0,46.0,47.0,44.0,50.0,58.0,61.0,49.0,35.0,33.0,28.0,32.0,32.0,32.0,31.0
2019-07-30,0,35.0,41.0,33.0,31.0,32.0,35.0,48.0,47.0,32.0,31.0,24.0,26.0,34.0,45.0,76.0,81.0,72.0,90.0,118.0,146.0,170.0,154.0,189.0,360.0
2019-07-31,0,372.0,297.0,262.0,251.0,207.0,125.0,81.0,81.0,87.0,107.0,166.0,205.0,191.0,196.0,147.0,154.0,153.0,137.0,194.0,244.0,181.0,108.0,100.0,142.0
2019-08-01,0,122.0,105.0,70.0,57.0,48.0,44.0,46.0,48.0,48.0,48.0,48.0,45.0,36.0,28.0,21.0,21.0,20.0,27.0,34.0,35.0,28.0,21.0,25.0,21.0
2019-08-02,0,13.0,14.0,19.0,40.0,54.0,49.0,47.0,34.0,24.0,21.0,19.0,21.0,25.0,27.0,24.0,19.0,18.0,19.0,19.0,20.0,18.0,21.0,25.0,22.0
2019-08-03,0,22.0,18.0,19.0,17.0,20.0,23.0,24.0,22.0,19.0,14.0,14.0,17.0,21.0,31.0,52.0,61.0,63.0,41.0,23.0,19.0,21.0,39.0,63.0,83.0
2019-08-04,1,156.0,159.0,135.0,160.0,153.0,111.0,84.0,65.0,66.0,72.0,99.0,133.0,138.0,103.0,98.0,113.0,131.0,117.0,108.0,67.0,51.0,55.0,61.0,55.0
2019-08-05,0,35.0,26.0,21.0,20.0,18.0,15.0,13.0,12.0,12.0,15.0,15.0,17.0,21.0,26.0,23.0,19.0,21.0,23.0,26.0,33.0,21.0,18.0,19.0,27.0
2019-08-06,0,30.0,48.0,145.0,190.0,164.0,159.0,213.0,257.0,286.0,301.0,322.0,336.0,285.0,234.0,183.0,164.0,136.0,97.0,72.0,91.0,76.0,74.0,99.0,143.0
2019-08-07,0,130.0,106.0,67.0,52.0,47.0,35.0,34.0,31.0,36.0,66.0,110.0,148.0,203.0,295.0,205.0,153.0,120.0,131.0,141.0,153.0,189.0,209.0,207.0,218.0
2019-08-08,0,236.0,260.0,249.0,241.0,211.0,200.0,250.0,300.0,310.0,423.0,454.0,483.0,540.0,605.0,506.0,488.0,619.0,714.0,779.0,727.0,695.0,721.0,671.0,624.0
2019-08-09,0,659.0,609.0,559.0,494.0,356.0,319.0,238.0,157.0,141.0,80.0,50.0,56.0,45.0,34.0,29.0,35.0,42.0,65.0,92.0,148.0,236.0,350.0,452.0,594.0
2019-08-10,0,647.0,758.0,846.0,836.0,745.0,606.0,548.0,480.0,338.0,253.0,315.0,462.0,596.0,653.0,684.0,731.0,689.0,639.0,401.0,365.0,493.0,654.0,702.0,695.0
2019-08-11,1,804.0,837.0,837.0,861.0,827.0,838.0,867.0,868.0,929.0,948.0,936.0,921.0,867.0,708.0,611.0,611.0,613.0,424.0,268.0,177.0,116.0,98.0,80.0,59.0
2019-08-12,0,69.0,75.0,108.0,141.0,180.0,206.0,252.0,389.0,519.0,493.0,568.0,555.0,460.0,470.0,478.0,490.0,436.0,383.0,335.0,230.0,121.0,89.0,106.0,83.0
2019-08-13,0,86.0,129.0,141.0,206.0,178.0,200.0,275.0,337.0,368.0,357.0,365.0,312.0,292.0,285.0,417.0,374.0,354.0,342.0,507.0,460.0,437.0,513.0,506.0,449.0
2019-08-14,0,364.0,398.0,298.0,295.0,249.0,264.0,251.0,206.0,202.0,261.0,264.0,252.0,256.0,352.0,411.0,304.0,317.0,256.0,250.0,208.0,155.0,121.0,119.0,80.0
2019-08-15,0,47.0,42.0,102.0,216.0,268.0,270.0,219.0,469.0,444.0,421.0,571.0,535.0,596.0,560.0,533.0,499.0,436.0,396.0,371.0,392.0,347.0,454.0,426.0,441.0
2019-08-16,0,407.0,354.0,278.0,244.0,249.0,255.0,289.0,272.0,291.0,276.0,272.0,299.0,323.0,257.0,225.0,226.0,287.0,201.0,128.0,66.0,46.0,44.0,90.0,203.0
2019-08-17,0,270.0,324.0,443.0,539.0,513.0,473.0,476.0,328.0,406.0,426.0,400.0,473.0,547.0,598.0,532.0,494.0,369.0,345.0,320.0,332.0,314.0,249.0,198.0,256.0
2019-08-18,1,254.0,236.0,171.0,155.0,104.0,77.0,79.0,69.0,53.0,58.0,39.0,27.0,40.0,56.0,41.0,32.0,87.0,149.0,185.0,221.0,242.0,263.0,346.0,336.0
2019-08-19,0,294.0,281.0,249.0,220.0,245.0,280.0,344.0,342.0,415.0,508.0,492.0,461.0,506.0,540.0,567.0,589.0,562.0,439.0,378.0,231.0,328.0,240.0,296.0,280.0
2019-08-20,0,278.0,216.0,184.0,150.0,196.0,267.0,250.0,216.0,198.0,356.0,357.0,402.0,406.0,365.0,340.0,223.0,149.0,105.0,85.0,67.0,56.0,64.0,83.0,122.0
2019-08-21,0,115.0,124.0,143.0,150.0,156.0,169.0,175.0,193.0,205.0,216.0,220.0,185.0,183.0,219.0,219.0,168.0,148.0,125.0,84.0,53.0,36.0,29.0,40.0,60.0
2019-08-22,0,67.0,67.0,69.0,77.0,102.0,118.0,156.0,184.0,183.0,220.0,244.0,264.0,277.0,274.0,290.0,313.0,305.0,233.0,165.0,100.0,68.0,53.0,61.0,64.0
2019-08-23,0,64.0,68.0,84.0,101.0,107.0,119.0,123.0,127.0,161.0,192.0,191.0,193.0,185.0,181.0,163.0,151.0,124.0,90.0,65.0,45.0,36.0,36.0,44.0,47.0
2019-08-24,0,29.0,22.0,20.0,17.0,22.0,29.0,35.0,38.0,30.0,31.0,41.0,42.0,51.0,61.0,78.0,107.0,130.0,180.0,215.0,212.0,248.0,256.0,239.0,217.0
2019-08-25,1,221.0,208.0,195.0,186.0,165.0,134.0,108.0,94.0,68.0,49.0,62.0,110.0,168.0,203.0,226.0,239.0,285.0,379.0,428.0,448.0,434.0,420.0,378.0,336.0
2019-08-26,0,239.0,170.0,155.0,149.0,122.0,97.0,97.0,98.0,95.0,91.0,104.0,126.0,170.0,190.0,187.0,206.0,201.0,219.0,253.0,245.0,277.0,282.0,256.0,217.0
2019-08-27,0,212.0,171.0,147.0,148.0,132.0,155.0,143.0,168.0,138.0,79.0,65.0,79.0,121.0,145.0,146.0,166.0,295.0,198.0,252.0,442.0,462.0,539.0,398.0,277.0
2019-08-28,0,233.0,251.0,184.0,124.0,106.0,63.0,47.0,42.0,34.0,29.0,34.0,30.0,32.0,45.0,59.0,51.0,46.0,36.0,38.0,49.0,108.0,256.0,306.0,374.0
2019-08-29,0,345.0,282.0,221.0,168.0,137.0,104.0,93.0,111.0,100.0,62.0,67.0,139.0,149.0,132.0,144.0,186.0,244.0,344.0,353.0,238.0,215.0,150.0,136.0,102.0
2019-08-30,0,88.0,67.0,40.0,32.0,33.0,31.0,30.0,31.0,39.0,51.0,65.0,84.0,89.0,86.0,76.0,66.0,61.0,47.0,26.0,23.0,28.0,34.0,34.0,28.0
2019-08-31,0,23.0,23.0,25.0,35.0,40.0,41.0,37.0,38.0,37.0,32.0,38.0,42.0,45.0,57.0,74.0,89.0,113.0,117.0,92.0,95.0,121.0,158.0,207.0,386.0
2019-09-01,1,598.0,661.0,658.0,692.0,431.0,169.0,42.0,32.0,98.0,166.0,211.0,217.0,248.0,323.0,426.0,430.0,322.0,338.0,400.0,320.0,238.0,229.0,196.0,205.0
2019-09-02,0,278.0,349.0,303.0,278.0,358.0,466.0,461.0,439.0,461.0,493.0,518.0,479.0,437.0,418.0,416.0,432.0,402.0,339.0,250.0,181.0,255.0,290.0,289.0,259.0
2019-09-03,0,331.0,433.0,506.0,591.0,680.0,748.0,663.0,745.0,792.0,796.0,763.0,749.0,739.0,720.0,723.0,690.0,609.0,598.0,618.0,570.0,500.0,396.0,336.0,325.0
2019-09-04,0,292.0,244.0,227.0,231.0,193.0,169.0,181.0,246.0,318.0,327.0,370.0,420.0,472.0,545.0,578.0,609.0,526.0,469.0,360.0,485.0,596.0,593.0,656.0,697.0
2019-09-05,0,746.0,675.0,485.0,350.0,411.0,457.0,487.0,500.0,581.0,627.0,696.0,741.0,741.0,673.0,783.0,876.0,861.0,875.0,877.0,873.0,852.0,790.0,795.0,786.0
2019-09-06,0,704.0,630.0,585.0,490.0,458.0,537.0,539.0,568.0,584.0,639.0,645.0,646.0,646.0,684.0,762.0,824.0,822.0,711.0,556.0,624.0,606.0,549.0,615.0,655.0
2019-09-07,0,789.0,775.0,739.0,740.0,660.0,453.0,257.0,207.0,157.0,123.0,99.0,103.0,98.0,105.0,97.0,84.0,66.0,45.0,35.0,29.0,31.0,39.0,43.0,24.0
2019-09-08,1,22.0,22.0,19.0,21.0,21.0,15.0,15.0,16.0,19.0,17.0,26.0,25.0,26.0,26.0,28.0,21.0,20.0,18.0,20.0,38.0,60.0,46.0,36.0,29.0
2019-09-09,0,17.0,16.0,16.0,20.0,18.0,17.0,21.0,28.0,49.0,42.0,39.0,58.0,78.0,106.0,147.0,223.0,249.0,264.0,316.0,247.0,173.0,132.0,126.0,113.0
2019-09-10,0,136.0,189.0,328.0,491.0,588.0,572.0,581.0,599.0,595.0,642.0,664.0,678.0,680.0,688.0,693.0,713.0,755.0,720.0,712.0,714.0,726.0,750.0,750.0,693.0
2019-09-11,0,652.0,600.0,525.0,443.0,406.0,383.0,321.0,341.0,429.0,553.0,645.0,754.0,805.0,833.0,781.0,782.0,797.0,732.0,723.0,753.0,864.0,869.0,845.0,749.0
2019-09-12,0,677.0,581.0,486.0,339.0,338.0,392.0,352.0,294.0,292.0,326.0,398.0,480.0,474.0,445.0,462.0,489.0,505.0,404.0,385.0,384.0,407.0,354.0,355.0,409.0
2019-09-13,0,510.0,429.0,356.0,557.0,691.0,823.0,750.0,660.0,539.0,586.0,721.0,787.0,767.0,757.0,755.0,768.0,784.0,726.0,605.0,649.0,616.0,558.0,496.0,497.0
2019-09-14,0,413.0,342.0,316.0,333.0,306.0,253.0,213.0,196.0,184.0,180.0,201.0,234.0,272.0,297.0,290.0,263.0,247.0,248.0,226.0,205.0,272.0,361.0,468.0,596.0
2019-09-15,1,668.0,783.0,787.0,826.0,766.0,768.0,786.0,792.0,894.0,943.0,948.0,938.0,918.0,900.0,854.0,893.0,936.0,918.0,918.0,920.0,870.0,883.0,887.0,838.0
2019-09-16,0,826.0,800.0,803.0,797.0,783.0,763.0,748.0,709.0,633.0,702.0,734.0,817.0,860.0,897.0,860.0,854.0,821.0,744.0,677.0,608.0,475.0,488.0,451.0,462.0
2019-09-17,0,457.0,477.0,634.0,632.0,695.0,711.0,794.0,804.0,721.0,845.0,894.0,896.0,891.0,954.0,916.0,979.0,968.0,956.0,914.0,910.0,873.0,865.0,824.0,747.0
2019-09-18,0,627.0,577.0,616.0,630.0,623.0,664.0,672.0,704.0,738.0,784.0,794.0,767.0,730.0,703.0,663.0,677.0,613.0,629.0,617.0,456.0,483.0,411.0,440.0,368.0
2019-09-19,0,300.0,248.0,201.0,187.0,156.0,119.0,86.0,83.0,95.0,99.0,119.0,117.0,121.0,115.0,145.0,158.0,153.0,122.0,123.0,124.0,113.0,129.0,197.0,196.0
2019-09-20,0,188.0,174.0,174.0,178.0,180.0,211.0,186.0,163.0,139.0,196.0,238.0,256.0,297.0,309.0,300.0,334.0,422.0,500.0,525.0,499.0,476.0,433.0,411.0,454.0
2019-09-21,0,429.0,318.0,251.0,304.0,312.0,318.0,278.0,255.0,226.0,167.0,180.0,140.0,115.0,93.0,56.0,42.0,27.0,17.0,16.0,18.0,17.0,17.0,17.0,20.0
2019-09-22,1,29.0,53.0,70.0,61.0,56.0,35.0,20.0,20.0,31.0,39.0,44.0,60.0,67.0,80.0,89.0,110.0,149.0,226.0,268.0,332.0,450.0,516.0,603.0,681.0
2019-09-23,0,738.0,776.0,799.0,781.0,738.0,691.0,615.0,600.0,621.0,637.0,654.0,659.0,611.0,615.0,681.0,704.0,684.0,684.0,604.0,518.0,427.0,360.0,276.0,221.0
2019-09-24,0,190.0,142.0,106.0,82.0,56.0,47.0,34.0,39.0,35.0,41.0,49.0,56.0,62.0,45.0,32.0,36.0,43.0,40.0,42.0,46.0,66.0,82.0,79.0,87.0
2019-09-25,0,95.0,98.0,108.0,94.0,117.0,103.0,112.0,118.0,127.0,156.0,168.0,170.0,176.0,208.0,200.0,191.0,165.0,165.0,171.0,177.0,168.0,167.0,155.0,158.0
2019-09-26,0,128.0,104.0,93.0,90.0,84.0,85.0,80.0,91.0,88.0,96.0,130.0,128.0,142.0,139.0,146.0,158.0,168.0,186.0,211.0,271.0,374.0,487.0,638.0,639.0
2019-09-27,0,571.0,570.0,510.0,469.0,463.0,420.0,474.0,448.0,378.0,446.0,412.0,381.0,291.0,226.0,224.0,209.0,262.0,181.0,115.0,97.0,136.0,138.0,180.0,199.0
2019-09-28,0,204.0,184.0,303.0,376.0,454.0,579.0,568.0,602.0,589.0,546.0,527.0,536.0,477.0,440.0,370.0,273.0,288.0,304.0,442.0,545.0,720.0,819.0,866.0,877.0
2019-09-29,1,888.0,775.0,707.0,736.0,757.0,782.0,784.0,724.0,714.0,714.0,725.0,682.0,691.0,695.0,603.0,532.0,498.0,358.0,344.0,275.0,238.0,279.0,233.0,299.0
2019-09-30,0,338.0,296.0,258.0,224.0,200.0,167.0,212.0,445.0,820.0,862.0,902.0,973.0,994.0,1006.0,1044.0,1058.0,1046.0,942.0,972.0,959.0,913.0,883.0,754.0,635.0
2019-10-01,0,524.0,384.0,339.0,275.0,210.0,146.0,95.0,65.0,60.0,52.0,47.0,50.0,63.0,59.0,117.0,125.0,115.0,144.0,102.0,150.0,226.0,261.0,295.0,303.0
2019-10-02,0,276.0,271.0,303.0,326.0,304.0,334.0,346.0,390.0,413.0,409.0,442.0,492.0,493.0,550.0,616.0,728.0,726.0,613.0,556.0,557.0,487.0,417.0,361.0,330.0
2019-10-03,0,361.0,322.0,313.0,289.0,279.0,314.0,368.0,361.0,314.0,272.0,185.0,133.0,110.0,95.0,98.0,86.0,72.0,84.0,77.0,51.0,38.0,18.0,13.0,15.0
2019-10-04,0,18.0,19.0,23.0,23.0,27.0,53.0,100.0,139.0,181.0,220.0,289.0,351.0,342.0,286.0,245.0,213.0,223.0,249.0,289.0,375.0,442.0,499.0,479.0,488.0
2019-10-05,0,549.0,652.0,603.0,577.0,626.0,584.0,526.0,608.0,590.0,557.0,551.0,458.0,426.0,427.0,360.0,301.0,223.0,180.0,154.0,169.0,174.0,152.0,109.0,85.0
2019-10-06,1,95.0,89.0,121.0,130.0,122.0,130.0,116.0,101.0,127.0,90.0,111.0,105.0,97.0,101.0,95.0,93.0,87.0,124.0,153.0,198.0,212.0,249.0,249.0,139.0
2019-10-07,0,122.0,129.0,125.0,105.0,91.0,135.0,133.0,95.0,73.0,51.0,30.0,27.0,21.0,14.0,14.0,21.0,21.0,16.0,15.0,15.0,19.0,40.0,108.0,199.0
2019-10-08,0,303.0,320.0,332.0,433.0,449.0,486.0,576.0,621.0,705.0,691.0,714.0,699.0,662.0,571.0,496.0,500.0,531.0,383.0,336.0,395.0,436.0,403.0,436.0,453.0
2019-10-09,0,508.0,536.0,610.0,599.0,534.0,594.0,668.0,633.0,593.0,630.0,644.0,644.0,634.0,618.0,551.0,508.0,340.0,292.0,252.0,232.0,250.0,280.0,327.0,345.0
2019-10-10,0,356.0,457.0,517.0,503.0,539.0,626.0,604.0,647.0,608.0,599.0,595.0,660.0,709.0,745.0,744.0,775.0,684.0,627.0,628.0,765.0,781.0,810.0,834.0,844.0
2019-10-11,0,810.0,792.0,768.0,762.0,813.0,889.0,909.0,902.0,904.0,957.0,945.0,943.0,861.0,855.0,911.0,957.0,973.0,973.0,977.0,972.0,909.0,893.0,860.0,903.0
2019-10-12,0,915.0,860.0,801.0,748.0,707.0,618.0,648.0,677.0,649.0,566.0,663.0,759.0,847.0,825.0,778.0,743.0,769.0,691.0,654.0,613.0,591.0,520.0,462.0,385.0
2019-10-13,1,347.0,286.0,237.0,180.0,134.0,108.0,94.0,84.0,61.0,43.0,55.0,86.0,101.0,141.0,141.0,157.0,229.0,373.0,506.0,669.0,769.0,785.0,830.0,870.0
2019-10-14,0,831.0,877.0,913.0,939.0,955.0,952.0,926.0,911.0,912.0,834.0,691.0,505.0,328.0,192.0,99.0,48.0,30.0,19.0,24.0,31.0,146.0,288.0,335.0,349.0
2019-10-15,0,475.0,582.0,646.0,713.0,779.0,788.0,792.0,769.0,741.0,590.0,381.0,235.0,160.0,116.0,114.0,77.0,38.0,26.0,28.0,24.0,18.0,17.0,16.0,17.0
2019-10-16,0,29.0,40.0,54.0,85.0,77.0,36.0,39.0,36.0,53.0,70.0,63.0,54.0,84.0,105.0,96.0,153.0,174.0,187.0,153.0,120.0,188.0,163.0,99.0,87.0
2019-10-17,0,81.0,119.0,160.0,163.0,171.0,201.0,281.0,351.0,411.0,408.0,425.0,386.0,372.0,372.0,315.0,236.0,207.0,125.0,63.0,66.0,76.0,59.0,52.0,30.0
2019-10-18,0,37.0,63.0,92.0,152.0,281.0,327.0,354.0,375.0,294.0,314.0,324.0,282.0,276.0,376.0,418.0,481.0,500.0,642.0,775.0,829.0,866.0,852.0,833.0,844.0
2019-10-19,0,834.0,813.0,780.0,757.0,763.0,758.0,710.0,649.0,633.0,552.0,461.0,469.0,510.0,518.0,470.0,373.0,294.0,366.0,482.0,501.0,538.0,535.0,502.0,476.0
2019-10-20,1,397.0,235.0,165.0,118.0,98.0,59.0,46.0,50.0,70.0,77.0,56.0,39.0,25.0,19.0,13.0,13.0,11.0,12.0,15.0,15.0,14.0,12.0,17.0,22.0
2019-10-21,0,27.0,46.0,66.0,96.0,174.0,179.0,194.0,205.0,295.0,375.0,324.0,173.0,405.0,189.0,106.0,65.0,74.0,84.0,111.0,123.0,145.0,135.0,131.0,131.0
2019-10-22,0,86.0,91.0,145.0,193.0,237.0,214.0,261.0,338.0,413.0,454.0,516.0,452.0,534.0,519.0,488.0,490.0,468.0,433.0,439.0,466.0,442.0,403.0,359.0,304.0
2019-10-23,0,254.0,269.0,251.0,176.0,143.0,89.0,68.0,95.0,84.0,88.0,87.0,114.0,99.0,70.0,51.0,60.0,54.0,55.0,65.0,85.0,145.0,216.0,349.0,260.0
2019-10-24,0,245.0,241.0,272.0,229.0,185.0,210.0,204.0,216.0,268.0,388.0,446.0,476.0,433.0,359.0,288.0,331.0,385.0,268.0,278.0,246.0,315.0,403.0,434.0,464.0
2019-10-25,0,502.0,639.0,668.0,607.0,787.0,736.0,563.0,579.0,658.0,658.0,688.0,811.0,823.0,890.0,864.0,737.0,685.0,547.0,369.0,428.0,542.0,619.0,666.0,733.0
2019-10-26,0,935.0,1007.0,941.0,869.0,868.0,862.0,857.0,859.0,988.0,983.0,959.0,937.0,927.0,900.0,845.0,827.0,798.0,798.0,776.0,770.0,776.0,779.0,827.0,848.0
2019-10-27,1,868.0,867.0,922.5,803.0,789.0,766.0,886.0,792.0,832.0,846.0,900.0,947.0,942.0,916.0,844.0,831.0,791.0,691.0,675.0,759.0,842.0,886.0,864.0,876.0
2019-10-28,0,894.0,904.0,879.0,845.0,805.0,711.0,606.0,456.0,350.0,231.0,182.0,143.0,121.0,163.0,238.0,251.0,171.0,189.0,193.0,202.0,198.0,193.0,191.0,173.0
2019-10-29,0,179.0,217.0,158.0,138.0,163.0,175.0,191.0,173.0,138.0,83.0,84.0,92.0,93.0,93.0,103.0,103.0,118.0,131.0,161.0,141.0,94.0,86.0,65.0,65.0
2019-10-30,0,58.0,54.0,38.0,23.0,20.0,18.0,22.0,26.0,29.0,23.0,17.0,19.0,25.0,28.0,29.0,27.0,30.0,38.0,48.0,63.0,76.0,95.0,103.0,104.0
2019-10-31,0,104.0,116.0,132.0,139.0,152.0,143.0,136.0,136.0,137.0,116.0,115.0,116.0,141.0,117.0,89.0,52.0,39.0,35.0,35.0,35.0,37.0,44.0,57.0,70.0
2019-11-01,0,79.0,108.0,113.0,129.0,176.0,217.0,235.0,253.0,309.0,415.0,553.0,582.0,522.0,487.0,549.0,614.0,606.0,608.0,550.0,469.0,392.0,318.0,249.0,197.0
2019-11-02,0,191.0,146.0,149.0,153.0,161.0,167.0,190.0,183.0,197.0,189.0,177.0,187.0,219.0,296.0,314.0,308.0,264.0,323.0,477.0,528.0,563.0,460.0,332.0,244.0
2019-11-03,1,272.0,312.0,248.0,203.0,188.0,161.0,124.0,85.0,77.0,77.0,82.0,68.0,44.0,24.0,21.0,18.0,23.0,37.0,68.0,92.0,96.0,82.0,86.0,103.0
2019-11-04,0,119.0,169.0,187.0,219.0,313.0,397.0,467.0,496.0,532.0,545.0,667.0,755.0,724.0,627.0,514.0,465.0,460.0,444.0,424.0,379.0,387.0,368.0,403.0,572.0
2019-11-05,0,567.0,558.0,488.0,414.0,361.0,315.0,311.0,317.0,330.0,336.0,301.0,255.0,234.0,221.0,203.0,166.0,200.0,185.0,164.0,167.0,196.0,227.0,206.0,186.0
2019-11-06,0,159.0,140.0,121.0,108.0,106.0,81.0,76.0,68.0,63.0,53.0,39.0,28.0,27.0,26.0,26.0,24.0,29.0,31.0,30.0,30.0,29.0,30.0,31.0,32.0
2019-11-07,0,32.0,30.0,30.0,28.0,25.0,27.0,31.0,38.0,42.0,36.0,32.0,33.0,51.0,54.0,63.0,82.0,111.0,140.0,139.0,177.0,215.0,219.0,192.0,234.0
2019-11-08,0,282.0,311.0,384.0,430.0,354.0,317.0,272.0,258.0,183.0,137.0,109.0,82.0,52.0,36.0,28.0,26.0,26.0,24.0,22.0,22.0,22.0,22.0,22.0,19.0
2019-11-09,0,33.0,55.0,59.0,67.0,54.0,54.0,57.0,58.0,74.0,68.0,72.0,70.0,67.0,65.0,57.0,59.0,67.0,64.0,83.0,83.0,71.0,69.0,96.0,123.0
2019-11-10,1,100.0,66.0,49.0,51.0,49.0,46.0,32.0,35.0,40.0,40.0,50.0,55.0,32.0,27.0,26.0,28.0,39.0,73.0,136.0,233.0,317.0,397.0,449.0,465.0
2019-11-11,0,511.0,469.0,475.0,440.0,436.0,385.0,384.0,397.0,384.0,401.0,430.0,430.0,441.0,416.0,432.0,435.0,450.0,418.0,540.0,678.0,779.0,831.0,848.0,765.0
2019-11-12,0,696.0,656.0,645.0,639.0,641.0,621.0,674.0,727.0,707.0,741.0,779.0,819.0,795.0,785.0,774.0,653.0,490.0,465.0,532.0,527.0,547.0,666.0,603.0,496.0
2019-11-13,0,315.0,249.0,233.0,201.0,176.0,205.0,164.0,214.0,244.0,237.0,288.0,345.0,438.0,447.0,388.0,433.0,502.0,548.0,561.0,481.0,422.0,393.0,313.0,263.0
2019-11-14,0,239.0,221.0,216.0,153.0,106.0,66.0,75.0,92.0,102.0,94.0,79.0,92.0,65.0,36.0,35.0,52.0,168.0,335.0,355.0,355.0,386.0,342.0,343.0,413.0
2019-11-15,0,434.0,515.0,605.0,711.0,774.0,831.0,907.0,931.0,955.0,973.0,981.0,976.0,975.0,957.0,962.0,962.0,872.0,781.0,814.0,725.0,619.0,535.0,476.0,375.0
2019-11-16,0,334.0,276.0,242.0,210.0,187.0,147.0,144.0,144.0,114.0,124.0,117.0,95.0,128.0,237.0,493.0,631.0,711.0,779.0,833.0,872.0,916.0,929.0,930.0,937.0
2019-11-17,1,906.0,847.0,810.0,783.0,640.0,431.0,283.0,269.0,258.0,193.0,116.0,80.0,51.0,37.0,32.0,71.0,181.0,280.0,334.0,475.0,584.0,595.0,635.0,642.0
2019-11-18,0,656.0,606.0,548.0,575.0,572.0,512.0,498.0,515.0,378.0,319.0,325.0,300.0,254.0,198.0,164.0,169.0,216.0,190.0,274.0,497.0,644.0,686.0,698.0,672.0
2019-11-19,0,639.0,627.0,685.0,691.0,686.0,666.0,613.0,529.0,345.0,356.0,398.0,484.0,634.0,703.0,773.0,793.0,780.0,791.0,745.0,684.0,618.0,574.0,496.0,391.0
2019-11-20,0,306.0,215.0,128.0,60.0,22.0,15.0,12.0,14.0,17.0,20.0,21.0,25.0,26.0,31.0,31.0,40.0,62.0,82.0,86.0,126.0,156.0,164.0,124.0,107.0
2019-11-21,0,80.0,61.0,49.0,30.0,22.0,21.0,33.0,47.0,55.0,69.0,66.0,78.0,83.0,92.0,127.0,155.0,216.0,246.0,263.0,278.0,280.0,290.0,311.0,324.0
2019-11-22,0,286.0,292.0,319.0,295.0,288.0,263.0,238.0,207.0,187.0,182.0,161.0,125.0,140.0,120.0,101.0,110.0,154.0,217.0,268.0,233.0,230.0,206.0,304.0,329.0
2019-11-23,0,378.0,426.0,508.0,592.0,585.0,572.0,633.0,648.0,655.0,714.0,723.0,686.0,655.0,635.0,715.0,785.0,781.0,812.0,777.0,726.0,728.0,731.0,679.0,698.0
2019-11-24,1,705.0,730.0,741.0,806.0,814.0,777.0,799.0,798.0,752.0,745.0,646.0,604.0,567.0,500.0,601.0,626.0,582.0,512.0,480.0,474.0,397.0,348.0,293.0,272.0
2019-11-25,0,235.0,189.0,175.0,190.0,223.0,222.0,245.0,223.0,205.0,247.0,231.0,218.0,191.0,179.0,143.0,132.0,175.0,195.0,198.0,240.0,242.0,203.0,181.0,173.0
2019-11-26,0,184.0,187.0,185.0,201.0,179.0,158.0,168.0,168.0,140.0,144.0,148.0,140.0,129.0,128.0,121.0,159.0,160.0,176.0,196.0,265.0,259.0,216.0,214.0,163.0
2019-11-27,0,178.0,170.0,177.0,226.0,266.0,288.0,281.0,295.0,333.0,373.0,337.0,406.0,428.0,437.0,440.0,469.0,411.0,389.0,393.0,359.0,419.0,396.0,371.0,395.0
2019-11-28,0,406.0,414.0,442.0,506.0,609.0,634.0,724.0,777.0,790.0,781.0,794.0,788.0,747.0,720.0,705.0,688.0,550.0,419.0,383.0,357.0,365.0,469.0,616.0,763.0
2019-11-29,0,765.0,762.0,823.0,875.0,858.0,914.0,839.0,920.0,917.0,841.0,924.0,945.0,936.0,807.0,780.0,717.0,662.0,661.0,681.0,572.0,456.0,358.0,234.0,223.0
2019-11-30,0,243.0,239.0,246.0,298.0,359.0,413.0,404.0,367.0,340.0,338.0,312.0,359.0,385.0,315.0,286.0,283.0,245.0,245.0,216.0,189.0,142.0,115.0,101.0,105.0
2019-12-01,1,113.0,123.0,123.0,144.0,148.0,145.0,167.0,155.0,162.0,181.0,174.0,145.0,118.0,100.0,142.0,229.0,283.0,285.0,239.0,235.0,276.0,289.0,351.0,372.0
2019-12-02,0,364.0,387.0,371.0,479.0,563.0,526.0,534.0,498.0,468.0,460.0,364.0,444.0,453.0,616.0,699.0,629.0,567.0,605.0,521.0,375.0,280.0,207.0,175.0,125.0
2019-12-03,0,77.0,50.0,36.0,33.0,33.0,48.0,64.0,82.0,128.0,195.0,259.0,319.0,386.0,433.0,536.0,643.0,776.0,847.0,871.0,855.0,848.0,840.0,837.0,831.0
2019-12-04,0,776.0,638.0,562.0,571.0,559.0,517.0,548.0,505.0,462.0,459.0,483.0,507.0,561.0,570.0,580.0,580.0,551.0,428.0,387.0,345.0,315.0,356.0,372.0,435.0
2019-12-05,0,430.0,454.0,352.0,291.0,288.0,265.0,255.0,373.0,429.0,432.0,425.0,421.0,436.0,484.0,560.0,691.0,777.0,810.0,893.0,896.0,923.0,994.0,1000.0,1026.0
2019-12-06,0,1037.0,1037.0,1042.0,1042.0,1041.0,1035.0,1041.0,1038.0,1033.0,1003.0,976.0,978.0,983.0,975.0,967.0,951.0,957.0,933.0,936.0,952.0,957.0,956.0,954.0,944.0
2019-12-07,0,939.0,950.0,937.0,892.0,840.0,848.0,871.0,914.0,952.0,904.0,913.0,887.0,923.0,912.0,883.0,837.0,849.0,821.0,760.0,714.0,591.0,485.0,417.0,502.0
2019-12-08,1,662.0,661.0,663.0,670.0,747.0,780.0,810.0,832.0,859.0,1043.0,1060.0,1057.0,1058.0,1045.0,1015.0,980.0,963.0,972.0,953.0,964.0,975.0,940.0,949.0,948.0
2019-12-09,0,793.0,715.0,701.0,722.0,784.0,937.0,928.0,933.0,938.0,954.0,958.0,965.0,946.0,903.0,838.0,769.0,685.0,686.0,861.0,949.0,994.0,989.0,947.0,924.0
2019-12-10,0,924.0,879.0,714.0,674.0,554.0,379.0,280.0,201.0,93.0,57.0,61.0,116.0,133.0,179.0,244.0,348.0,518.0,681.0,792.0,873.0,930.0,970.0,972.0,979.0
2019-12-11,0,991.0,1000.0,998.0,1000.0,983.0,967.0,963.0,913.0,829.0,749.0,637.0,510.0,366.0,291.0,223.0,183.0,177.0,158.0,121.0,116.0,105.0,88.0,75.0,69.0
2019-12-12,0,73.0,68.0,63.0,71.0,61.0,55.0,88.0,179.0,225.0,210.0,175.0,271.0,363.0,408.0,431.0,496.0,493.0,500.0,547.0,514.0,482.0,417.0,393.0,388.0
2019-12-13,0,513.0,618.0,671.0,757.0,803.0,826.0,814.0,762.0,729.0,752.0,703.0,729.0,709.0,614.0,415.0,430.0,475.0,463.0,373.0,292.0,175.0,109.0,131.0,123.0
2019-12-14,0,96.0,113.0,122.0,137.0,179.0,195.0,211.0,245.0,293.0,390.0,458.0,495.0,525.0,613.0,658.0,663.0,700.0,752.0,807.0,781.0,807.0,800.0,828.0,819.0
2019-12-15,1,812.0,757.0,734.0,724.0,675.0,636.0,632.0,621.0,615.0,699.0,793.0,827.0,834.0,850.0,819.0,711.0,631.0,792.0,857.0,850.0,816.0,765.0,743.0,705.0
2019-12-16,0,669.0,640.0,631.0,533.0,440.0,456.0,474.0,559.0,609.0,635.0,621.0,611.0,600.0,565.0,552.0,508.0,480.0,468.0,377.0,354.0,316.0,251.0,216.0,159.0
2019-12-17,0,118.0,80.0,43.0,39.0,48.0,47.0,59.0,108.0,110.0,153.0,168.0,201.0,237.0,265.0,358.0,437.0,528.0,603.0,659.0,709.0,718.0,717.0,669.0,682.0
2019-12-18,0,710.0,736.0,770.0,807.0,850.0,809.0,747.0,686.0,640.0,602.0,602.0,620.0,616.0,593.0,495.0,498.0,504.0,445.0,358.0,211.0,180.0,257.0,227.0,137.0
2019-12-19,0,109.0,126.0,157.0,219.0,298.0,389.0,487.0,569.0,591.0,586.0,542.0,483.0,438.0,420.0,409.0,410.0,468.0,493.0,517.0,558.0,547.0,488.0,391.0,429.0
2019-12-20,0,511.0,381.0,348.0,261.0,240.0,300.0,308.0,298.0,311.0,326.0,272.0,230.0,242.0,383.0,431.0,446.0,423.0,427.0,383.0,344.0,338.0,428.0,411.0,368.0
2019-12-21,0,406.0,312.0,273.0,253.0,302.0,297.0,358.0,380.0,394.0,303.0,226.0,225.0,222.0,151.0,125.0,134.0,124.0,167.0,272.0,299.0,231.0,170.0,139.0,188.0
2019-12-22,1,261.0,223.0,179.0,204.0,216.0,169.0,207.0,227.0,269.0,290.0,308.0,297.0,286.0,287.0,328.0,358.0,351.0,365.0,338.0,333.0,328.0,279.0,259.0,223.0
2019-12-23,0,216.0,200.0,182.0,166.0,143.0,127.0,130.0,121.0,169.0,301.0,389.0,428.0,436.0,407.0,514.0,543.0,566.0,585.0,545.0,499.0,430.0,409.0,417.0,373.0
2019-12-24,1,387.0,368.0,413.0,440.0,413.0,341.0,328.0,388.0,417.0,430.0,388.0,377.0,303.0,216.0,151.0,96.0,81.0,77.0,67.0,45.0,23.0,19.0,18.0,20.0
2019-12-25,1,18.0,17.0,16.0,15.0,17.0,21.0,24.0,37.0,41.0,43.0,50.0,65.0,81.0,103.0,156.0,192.0,166.0,140.0,142.0,199.0,240.0,258.0,290.0,270.0
2019-12-26,1,312.0,375.0,297.0,286.0,237.0,213.0,254.0,212.0,136.0,122.0,111.0,80.0,77.0,89.0,61.0,59.0,76.0,81.0,66.0,66.0,64.0,75.0,76.0,73.0
2019-12-27,0,70.0,76.0,90.0,88.0,110.0,96.0,113.0,127.0,160.0,184.0,142.0,150.0,121.0,101.0,100.0,80.0,77.0,79.0,66.0,65.0,92.0,117.0,98.0,56.0
2019-12-28,0,34.0,29.0,24.0,17.0,18.0,19.0,16.0,15.0,14.0,13.0,14.0,18.0,16.0,16.0,21.0,36.0,64.0,83.0,106.0,132.0,166.0,213.0,231.0,229.0
2019-12-29,1,250.0,254.0,289.0,264.0,314.0,324.0,384.0,373.0,345.0,350.0,393.0,412.0,444.0,483.0,487.0,460.0,518.0,575.0,609.0,603.0,615.0,670.0,717.0,666.0
2019-12-30,0,682.0,695.0,661.0,634.0,678.0,700.0,616.0,668.0,610.0,659.0,696.0,716.0,715.0,652.0,648.0,666.0,703.0,709.0,707.0,728.0,712.0,694.0,721.0,694.0
2019-12-31,0,698.0,676.0,657.0,743.0,733.0,708.0,737.0,788.0,741.0,685.0,767.0,654.0,612.0,532.0,365.0,294.0,278.0,298.0,292.0,273.0,250.0,231.0,203.0,267.0
